,name,company,ssn,address,job,email,birthday,work-email,credit_card,phone_number,x,y
0,Michael Pham,Kirk-Roberts,523-45-6438,"73517 Cathy Land Suite 723
West Laura, GA 88823","Lighting technician, broadcasting/film/video",alan27@yahoo.com,1913-09-21,Michael.Pham@young-martinez.info,3550253192387879,001-313-901-5381x549,-84.56011999999998,33.813150000000064
1,Sean Hunt,Porter Inc,116-95-2711,"3338 Mathew Trail Suite 919
East Robert, VT 54510",Adult guidance worker,sarahwright@yahoo.com,1948-04-08,Sean.Hunt@jones.com,213128525469039,833-674-6464x50864,6.259559814000056,48.671665000000075
2,Jonathan Golden,Hopkins PLC,780-76-9218,"133 Joshua Tunnel
Richardsonfurt, IN 14446",Financial risk analyst,deankevin@gmail.com,2011-07-20,Jonathan.Golden@brooks.com,4852782929309127847,+1-289-202-2337x64013,-4.278409999999951,38.20458711200007
3,Barbara Perkins,"Beasley, Daniels and Martin",376-20-0389,"1866 Buchanan Plain
Leslieton, OR 97240","Pharmacist, hospital",andersonmichael@gmail.com,2016-12-14,Barbara.Perkins@estrada-singleton.org,2671800418425275,001-994-409-9670x05947,-122.67595499999999,45.52179000000007
4,William Salazar,"Paul, Lewis and Payne",529-19-3600,"43015 Key Turnpike Apt. 537
Wrightland, AK 36010",Accommodation manager,nicholasbarker@hotmail.com,1979-08-20,William.Salazar@hernandez-rice.com,502085644529,(719)224-5839x469,-85.81569179999997,31.72085450000003
5,Timothy Anderson,"Tran, Gibson and Velazquez",808-66-4456,"2730 Jonathan Streets
Markland, AK 68827",Applications developer,marc01@hotmail.com,1925-06-11,Timothy.Anderson@sharp.com,4443016271063896,614.084.3232x7108,-76.82859825953696,39.29761996419544
6,Amanda Norris,Riggs LLC,613-67-4847,"258 Sweeney Inlet Suite 852
Amyfort, IA 71196",Risk analyst,adamskelly@hotmail.com,2006-04-15,Amanda.Norris@schneider.com,3507752727949693,509-099-3129x61712,-91.10003923279938,40.790049145897214
7,Nancy Howell,Perry-Roberts,061-98-6610,"2971 Kenneth Lodge
South Angelashire, NY 43083","Engineer, electrical",thomasowens@gmail.com,1927-03-19,Nancy.Howell@howard.org,213193874925874,0884008429,-73.64244676825822,40.63848296003488
8,Grant Reed,Robinson Ltd,045-59-4184,"4446 Elizabeth Harbors Suite 462
East Maria, MS 82696","Nurse, mental health",john72@hotmail.com,1924-05-29,Grant.Reed@burgess.com,180068279341324,+1-299-136-3026,-89.85590101770504,34.92354433204669
9,Mrs. Michelle Avery,"Pierce, Franklin and Moreno",660-71-4139,"PSC 4417, Box 5870
APO AP 25747","Designer, exhibition/display",aknight@yahoo.com,1917-04-27,Mrs..Michelle.Avery@petty-scott.com,3541427566535980,652.877.8583x292,39.10340000000008,22.68916808700004
10,Rachel Brown,Smith and Sons,467-45-9326,"77118 Flores Roads
Ericksonfurt, MD 07668","Engineer, electrical",patrickjohnson@yahoo.com,2002-06-16,Rachel.Brown@harrison.com,4444498350742344,0306365379,3.1621383420000484,48.39544500000005
11,John Farmer,"Carey, Wilson and Parsons",470-09-3781,"954 Callahan Lakes
North Haydenburgh, MA 70427",Chartered accountant,sjohnson@hotmail.com,1972-07-13,John.Farmer@moore-peterson.com,4767066135127005,706-983-7349x393,-89.85367499999995,30.768785000000037
12,Christina Baker,Smith Ltd,306-96-7055,"82119 Gary Mall
South Jessicabury, MD 66950","Copywriter, advertising",phillipspenny@gmail.com,1995-08-09,Christina.Baker@morris.info,373213263377432,635.364.2972x0301,-77.01143999999994,39.25848000000008
13,Sarah Hernandez,Anderson LLC,146-78-4531,"8704 Parker Pine Apt. 268
Kristinburgh, MD 59152",Applications developer,christina71@hotmail.com,1984-02-08,Sarah.Hernandez@snyder.com,4768276507900553,(713)120-7796x897,-77.32303999999993,39.41316000000006
14,Joseph Rogers DDS,Morales Group,530-67-0834,"759 Manning Oval
New Natalie, NE 52630",Armed forces logistics/support/administrative officer,lanejeffrey@gmail.com,1953-02-08,Joseph.Rogers.DDS@johnson.com,213194804091415,001-667-277-0796x89537,-91.71199999999999,40.83626140000007
15,Sarah Warren,Brown Group,562-48-6225,"396 Susan Ford Apt. 891
Thomasview, DC 43563",Make,dclark@gmail.com,1977-11-19,Sarah.Warren@murphy.info,6011042722916141,130.913.5858x57000,34.86077400000005,32.18942591600006
16,Victor Bryan,Clark Inc,621-13-3330,"9223 Bailey Cliff Suite 218
Peterhaven, LA 22988",Location manager,bassjoseph@hotmail.com,1916-01-17,Victor.Bryan@morris-price.org,6565225012590797,001-064-531-1876,-90.33841999999999,30.87907000000007
17,Alexandra Cook,Harris-Harding,369-15-1693,"7630 Erin Brook
Melissabury, DE 92721","Psychologist, forensic",ronald54@hotmail.com,1943-11-08,Alexandra.Cook@smith.com,180088012663537,993-948-4687x93294,12.202600000000075,49.73941509300005
18,William Wilkinson,Rogers-Livingston,438-01-2464,"7298 Dylan Via Apt. 996
New Christopherburgh, MS 55851",Air traffic controller,sharonrodriguez@yahoo.com,1978-09-29,William.Wilkinson@osborne.org,4876093239004272515,001-949-896-5186x0120,42.19154087100003,27.94849000000005
19,Stephanie Anderson,Alexander-Phillips,319-47-4145,"788 Nicole Ways Suite 715
Emilyside, CO 68469",Chief Technology Officer,ryan87@yahoo.com,1952-09-09,Stephanie.Anderson@casey.com,378406947139161,(313)157-9122x60182,-103.22346199144407,40.606163085514204
20,Drew Hopkins,"Strickland, Humphrey and Lloyd",827-71-2675,"0799 Mitchell Crossroad
Nicholasmouth, VA 86131",English as a second language teacher,eric17@gmail.com,1947-05-02,Drew.Hopkins@roth.info,060476646512,888.654.2368x388,-81.81847723544287,37.084280642427814
21,Tami Holmes,"Roberson, Williams and Russell",678-76-0469,"2282 Wright Estates
Lewismouth, TN 71742","Civil engineer, consulting",wdunn@yahoo.com,2008-11-08,Tami.Holmes@robinson.org,3566517315644859,001-045-120-8680x8520,-83.97749092155019,35.815461411240385
22,John Stewart,Morris Ltd,796-10-7216,"9411 Natasha Place
Madisontown, IL 55220",Environmental health practitioner,mmartinez@hotmail.com,1919-07-01,John.Stewart@schultz.org,180060358732945,911-238-7456x2687,5.268813302000069,49.02952000000005
23,Karen Barnes,Zavala Group,393-33-5157,"566 Amanda Shore Suite 987
East Edwin, VT 40522",Technical author,tlawson@gmail.com,1966-08-30,Karen.Barnes@sexton.com,3584561596471929,001-438-862-9297x0051,-72.23556541965753,44.41795839390723
24,Gregory Kelly,Clark-Miller,415-91-5215,"9306 Campos Parkways
Paulstad, WV 28801",Amenity horticulturist,kristin97@gmail.com,1971-06-03,Gregory.Kelly@hernandez.com,501844659034,564.251.6616x36171,-82.55053499999997,35.595245000000034
25,Curtis Greene,"Garcia, Burton and Williams",784-06-9017,"58641 Bond Course
West Lisahaven, OR 80072",Set designer,nunezvictor@yahoo.com,2017-09-19,Curtis.Greene@horn.com,4846470267403843,(688)177-9734x5444,13.927205000000072,40.71951298400006
26,Elizabeth Thompson,"Daniel, Brady and Bishop",425-32-8439,"577 Stephanie Falls Apt. 861
Lisaburgh, IL 18622",Structural engineer,jeffery41@yahoo.com,1923-02-24,Elizabeth.Thompson@gonzalez-rodriguez.com,6011598435540841,001-601-135-2269x4402,-88.02836112514801,41.59257392732042
27,Steven Garcia,Gonzalez-Lawson,556-41-2601,"26683 Meagan Knolls
Simsview, SD 22200",Personal assistant,freemanlisa@hotmail.com,1959-04-17,Steven.Garcia@hooper.com,3518859944992773,138.536.7998x010,-3.101248041999952,48.599995000000035
28,Michael Robbins,Thompson-Hill,228-79-2931,"71931 Scott Lodge
Fieldston, CA 84159",Sports coach,meyergary@hotmail.com,1996-05-03,Michael.Robbins@lopez.com,377771909177264,208-428-1975x0784,23.612462851000032,56.23597250000006
29,Melissa Simmons,Juarez and Sons,587-86-8311,"3671 Simmons Causeway
Charlesshire, LA 47534",Recruitment consultant,robinsonheather@gmail.com,1923-06-03,Melissa.Simmons@blake.com,372010569822892,001-141-996-9477,-92.88790227078925,30.688398375116666
30,Jeremy Hayes,Burton-Perry,438-62-5799,"23522 Hughes Stream
Edwardborough, IL 99569",Sales executive,veronica52@gmail.com,1951-01-10,Jeremy.Hayes@harris.com,3597265026485039,315.807.9460x47794,-87.85748999999998,39.775900000000036
31,Jose Stout,"Jefferson, Hood and Anderson",455-95-9846,"2448 Sarah Cliff
Greenshire, NH 26671",Accounting technician,hlopez@yahoo.com,1975-09-25,Jose.Stout@bennett.org,3569662761931249,173-147-1671x88065,-80.94583129999995,38.30405590000004
32,Michelle Garcia,Crane LLC,819-97-8718,"569 Shannon Lakes Suite 435
Angelamouth, IL 00937",Hospital pharmacist,iramirez@yahoo.com,1920-11-03,Michelle.Garcia@flores.com,30249746698668,(003)603-0678,-88.98458773638168,40.45088788495284
33,Kaylee Reid,Jackson and Sons,234-79-7073,"Unit 2282 Box 6451
DPO AE 54347",Manufacturing systems engineer,gwendolynhayes@yahoo.com,1910-02-10,Kaylee.Reid@todd.com,630451627198,945-047-4597x0070,6.915958255000021,49.84433000000007
34,Marissa Flores,Robinson-Thompson,789-10-4287,"8344 Gonzalez Estate Apt. 609
Port Vanessa, MD 91835","Designer, television/film set",oweiss@gmail.com,2017-02-11,Marissa.Flores@klein.com,4716654138043824,844.317.9749,119.83958500000006,-2.9294900389999725
35,Emily Ford,"Travis, Sexton and Lee",606-71-2090,"728 Makayla Cove
Aprilmouth, AR 51683",Farm manager,sara51@gmail.com,1963-11-06,Emily.Ford@simmons.info,6533978897943809,+1-511-586-8469x908,-94.41174999999998,34.432240000000036
36,Amy Larson,"Bass, Johnson and Lowe",839-09-3933,"1227 Cox Harbor
Stewartfurt, FL 66910",Television/film/video producer,samanthavalencia@gmail.com,1976-08-12,Amy.Larson@wilson.org,4390925054083,2759279826,-81.79168583507803,30.30215107446169
37,Austin Wolf,Moore-Parsons,632-21-7154,"36476 Anne Roads
Port Wayne, FL 88369","Surveyor, building control",dorseyangela@gmail.com,1912-09-28,Austin.Wolf@stewart.com,213112812168231,001-506-928-0891x81098,-83.40388834726134,42.35781257154369
38,Ralph Owen,Davis Group,345-09-4591,"9016 Jennifer Junction Apt. 028
Jamesland, MD 25013","Accountant, chartered",cduncan@hotmail.com,2004-02-25,Ralph.Owen@hunt.com,4975520522552801,3338826126,10.436435533000065,45.35195500000003
39,Joseph Hill,Lopez LLC,897-35-1386,"36435 Williams Greens
Smithtown, MO 28545",IT technical support officer,robert50@gmail.com,1916-02-28,Joseph.Hill@bruce.biz,3571737557227121,(095)558-5951,-73.17018672718572,40.8447815387258
40,Gary Vaughan,Vargas Inc,090-86-9590,"66244 Gutierrez Shores Suite 532
Edwardsmouth, HI 06184",Retail buyer,ycabrera@yahoo.com,1938-10-19,Gary.Vaughan@gutierrez.info,4172994796954,(035)488-9896,12.095635131000051,51.44637000000006
41,Kristin Baker,Castillo LLC,453-78-3162,"USCGC Johnson
FPO AE 99004","Surveyor, commercial/residential",qmitchell@hotmail.com,1973-06-23,Kristin.Baker@wright-daniel.info,501881728155,(326)884-1236,-117.57840999999996,47.49159000000003
42,Jon James,Garcia Inc,078-68-5221,"0811 Thomas Lodge
West Courtneyport, HI 05375",Lawyer,xgreen@yahoo.com,1928-09-19,Jon.James@campbell-adams.info,36039922360918,001-337-385-1627,-73.60638999999998,-14.170649999999966
43,James Davies,Davidson Group,894-16-1091,"1709 Poole Place Apt. 689
Scotthaven, AK 70858","Engineer, automotive",modom@gmail.com,1919-03-18,James.Davies@davis.net,213103494407641,+1-624-908-4589x5584,-147.33110155824656,64.79080598783152
44,Charlene Gonzales,"Lopez, Osborne and Gray",802-56-6341,"65374 Robinson Groves Suite 799
West Ethan, SD 31464","Engineer, petroleum",kroberts@hotmail.com,1963-03-27,Charlene.Gonzales@olson.com,4522354658719824027,(929)586-6678,-97.98812999999996,43.54776000000004
45,Lisa Velez,Martinez-Olson,385-76-0484,"PSC 4126, Box 9149
APO AE 34326",Chartered management accountant,rossoscar@hotmail.com,1923-05-23,Lisa.Velez@daniels.biz,4829880104779088577,001-777-396-8080x4032,9.603152729000044,51.060145000000034
46,Marcus Thomas,Collins LLC,517-82-8259,"7519 Gilbert Isle Apt. 389
Troyhaven, HI 05907",Structural engineer,kellimartin@hotmail.com,1916-04-05,Marcus.Thomas@wilson.info,2283526700772054,648-951-0681,-71.79588929999994,45.01029300000005
47,Susan Henderson,Spence-Johnson,829-59-1998,"624 Michael Run
Smithton, PA 40715",Risk manager,beckchristopher@gmail.com,1981-12-10,Susan.Henderson@underwood.info,4730306097342188617,(867)044-9468,-79.6786004466338,40.57380671595684
48,Jodi West,Andrade-Whitney,700-22-9257,"47164 Taylor Loaf
East Mariestad, VA 11885",Operational investment banker,xdavis@yahoo.com,1950-03-28,Jodi.West@arellano-james.com,373738831984863,878-672-3368x7394,-79.90361999999999,37.098700000000065
49,John Charles,Delgado-Odom,461-78-3173,"883 Christopher Forge
New Brianstad, FL 34925","Producer, television/film/video",walkermike@yahoo.com,1936-04-30,John.Charles@jones-hall.info,3547608989090901,(696)113-9254,-85.79304576560357,30.76965858288469
50,Christine Villarreal,"Giles, Hurst and Newton",381-99-8927,"9138 Kenneth Hills Suite 616
Jefferyland, NE 27089",Public relations account executive,mcleanjoshua@gmail.com,2006-08-10,Christine.Villarreal@miller-cruz.com,572625291933,132-005-0633x45151,-103.40488499999998,25.54138257900007
51,Troy Williams,Carter PLC,241-81-2857,"342 Christopher Inlet
West Russell, MS 70591",Sport and exercise psychologist,afreeman@hotmail.com,1981-11-20,Troy.Williams@sims.biz,4468668460046,041.337.6936,-88.41121303983834,33.53635380077884
52,Deborah Pierce,"Davis, Oneill and Lambert",892-93-4312,"8427 Davila Locks Apt. 336
Port Vincentbury, NC 87981",Patent examiner,jesse51@hotmail.com,1924-06-14,Deborah.Pierce@chen.biz,375361003947234,(250)151-3230,42.523502353000026,17.726690000000076
53,Candace Castro,Murphy-Young,106-15-0325,"0277 Brett Harbor Apt. 068
Lake Williamside, PA 73402","Conservation officer, nature",iansellers@gmail.com,2002-06-03,Candace.Castro@atkinson.net,4869100868651860,362.982.7566x5752,-88.1225006723776,42.26179341258788
54,Monica Walker,"Pittman, Mcgrath and Cardenas",177-16-6250,"05526 Lester Point
South Ryan, IN 59468",Health service manager,christinemason@yahoo.com,1906-08-15,Monica.Walker@casey.com,501890105015,917.542.0975,77.19564000000008,28.53159000000005
55,Marissa Peck,Brady LLC,304-62-8592,"9054 Brandon Wells
Port Debrafurt, NC 98915","Editor, commissioning",amanda63@hotmail.com,2012-07-24,Marissa.Peck@king-baker.com,630483046367,+1-305-858-5136x580,-80.58965961709521,35.291986334759386
56,Thomas Rivera,"Jones, Vaughan and Graves",527-87-9405,"10109 Michael Wells
Villafurt, UT 77113",Control and instrumentation engineer,brittanymacdonald@hotmail.com,2015-05-18,Thomas.Rivera@palmer.com,4896564712924756,510.994.6971x8937,-111.81576999999999,40.691340000000025
57,John Scott,Clark LLC,507-18-4514,"74540 Powell Lakes
Adkinsstad, MA 38392","Engineer, structural",lshort@gmail.com,2019-04-21,John.Scott@ortiz.biz,374088506260580,1432867782,-89.04104049999995,35.478586000000064
58,Robin Turner,Briggs-Brown,032-83-0315,"511 Jones Locks Suite 133
Nguyenburgh, RI 02643",Media planner,allenjonathan@gmail.com,1974-12-24,Robin.Turner@lee.info,4677570929420800683,001-314-665-4827x6130,-69.96693499999998,41.78482500000007
59,Nicholas Thompson,Weaver and Sons,143-88-8714,"931 Gonzalez Crossing Apt. 183
Adammouth, RI 50446","Geologist, wellsite",robin56@yahoo.com,1981-05-21,Nicholas.Thompson@sutton.biz,3541739801971741,7264218569,-93.45324999999997,43.36273500000004
60,Janet Gentry,Roberts and Sons,173-35-6017,"160 Cynthia Isle Suite 637
Pricechester, TX 25820","Social research officer, government",brianrichard@hotmail.com,1982-03-01,Janet.Gentry@booker.org,5394796744196748,850-014-4095x60715,-97.45209199257758,25.8925979937858
61,Lisa Green,"Bradford, Gilbert and Hill",807-56-8437,"294 Davis Square Apt. 731
Matthewburgh, DE 52370",Pathologist,qli@yahoo.com,1975-03-17,Lisa.Green@burns.com,4677201893758130526,+1-389-421-3804x16967,-75.5140609432152,38.97687714126344
62,Curtis Greene,"Cohen, Bolton and Erickson",532-11-3481,"4774 Luke Streets Apt. 672
Davidbury, MI 05417",Civil Service fast streamer,fwhite@hotmail.com,1974-07-12,Curtis.Greene@smith.info,213123836205610,(802)236-0557,-85.40758999238761,43.3656962200876
63,Whitney Williams,"Clements, George and Williams",405-20-3725,"6610 Thomas Villages Apt. 989
Joshuamouth, ND 53837",Television production assistant,youngmichael@gmail.com,1932-11-30,Whitney.Williams@brown.com,4613682496546868,+1-859-039-3493x793,43.25761580500006,27.69400500000006
64,Brenda Vaughn,"Thompson, Cruz and Parker",147-44-2027,"10535 Taylor Garden Suite 717
Kimberlyfurt, OH 33037",Chartered accountant,jenniferpierce@hotmail.com,1917-09-25,Brenda.Vaughn@hatfield.net,5116481207492234,279-471-0204,-82.13766727768356,39.59208103763671
65,Lisa Wilson,"Cox, Wheeler and Bennett",398-61-1004,"USS Martinez
FPO AE 04702",Consulting civil engineer,dennis34@hotmail.com,1913-05-15,Lisa.Wilson@richmond.net,4573044344960,310-207-4451,-46.689605696999934,-23.62897499999997
66,Kimberly Cameron,Gonzalez Group,340-50-4651,"154 Wallace Manors
Allenport, MA 58064",Financial controller,kgregory@hotmail.com,2009-06-11,Kimberly.Cameron@stein.net,6585963615043337,499-379-4413x8804,-71.20811665962347,42.304456259814124
67,Jillian Brooks,Knight LLC,235-70-9859,"USNV Castro
FPO AP 98093",IT technical support officer,daniellealvarez@yahoo.com,1996-03-01,Jillian.Brooks@richardson-price.com,4446729092019791,(526)265-6049,13.32839000000007,42.846760000000074
68,David Yoder,"Jacobson, Young and Compton",461-83-9326,"85959 Sims Freeway
Ruthville, KS 62599","Optician, dispensing",sloanjessica@hotmail.com,1957-03-09,David.Yoder@brown.com,4123393835781173,001-669-600-5955x01583,34.77750350000008,32.09129775700006
69,Paige Wolf,Garcia Inc,491-15-0523,"6251 Taylor Road
Lake Stephanieburgh, NC 89987",Theatre director,perezchristina@yahoo.com,1933-12-04,Paige.Wolf@evans.com,30132513014014,8212071898,-81.13563401677442,41.69937599063823
70,Alejandro White,Edwards PLC,147-45-2444,"95480 Holloway Track Suite 786
Tylermouth, FL 56678",Environmental manager,kimberlysmith@gmail.com,2003-08-13,Alejandro.White@schaefer.com,340334436673703,(817)837-2281,-95.13566039999995,47.51977470000003
71,Eric Matthews,Martinez and Sons,112-72-5565,"USNV Herrera
FPO AE 13183",Environmental education officer,adam50@yahoo.com,1979-10-24,Eric.Matthews@pierce.biz,4630258471934012,(509)380-5970,-47.22677730799995,-22.84535999999997
72,Ryan Rogers,Mayer Inc,157-22-6728,"299 Miller Glens
Lake Kevin, IN 73477",Research scientist (maths),greenjames@hotmail.com,1950-05-27,Ryan.Rogers@lewis.net,3534025912208689,582-056-7284x23055,-81.25727254045242,41.707361062818215
73,Derrick Rodriguez,"Pittman, Harrison and Sullivan",309-26-9289,"4271 Cindy Track Suite 508
West Williamview, WI 07489","Nurse, mental health",hilllacey@hotmail.com,1928-07-26,Derrick.Rodriguez@obrien.com,4644326152237858,001-989-850-7367x6382,14.59170255500004,48.50505500000003
74,Megan Manning,"Bean, Schneider and Nunez",704-09-0629,"43044 Juan Ville Suite 154
North Michaelville, SD 24154",Customer service manager,belladam@hotmail.com,1941-09-17,Megan.Manning@johnson.info,2410844735063043,(663)595-0093x998,-5.386079999999936,42.654054261000056
75,Sarah Campos,Watkins-Mcdonald,658-94-0529,"2621 Kevin Gardens
Ryanchester, TX 78946","Teacher, adult education",haasjulie@hotmail.com,1989-09-01,Sarah.Campos@evans.net,180001103880852,(774)922-2161,-96.74118069999997,30.295259900000076
76,Todd Moore,Reed-Ramsey,656-22-2537,"6710 Gonzalez Pines Apt. 151
Thomasstad, VT 64186","Psychologist, sport and exercise",kharrison@gmail.com,1935-05-30,Todd.Moore@hood.biz,4480114750736501753,+1-854-674-5906,-100.34942780299997,25.71783000000005
77,Jenny Jacobs,Wright-Butler,616-57-7786,"3307 Curtis Mountain Apt. 491
East Carlosburgh, OK 61082","Engineer, petroleum",jeffery15@hotmail.com,1951-08-31,Jenny.Jacobs@brooks.com,4921401851846580359,419.577.1258,-99.14296999999999,36.43486000000007
78,Rachel Yates,"Hudson, Nguyen and Anderson",651-93-9518,"862 Dean Drive Apt. 163
Benderside, IL 40717","Engineer, broadcasting (operations)",hamiltontaylor@hotmail.com,1999-02-09,Rachel.Yates@ford-jefferson.com,3575710418636422,(570)633-2463x65417,-88.30538457278851,42.005794376696706
79,Jennifer Davis,"Owens, King and Deleon",232-51-2936,"11706 Montoya Way
South Bryanfort, OH 97118",Immunologist,scollins@hotmail.com,1999-08-22,Jennifer.Davis@mcdonald.org,5351074771863411,4882361135,-81.18367999999998,39.640900000000045
80,Danielle Nguyen,"Carroll, Burke and Gardner",256-55-2485,"572 Campbell Gateway
Hendrixview, IL 76549",Actuary,natalieallen@gmail.com,1983-10-15,Danielle.Nguyen@brady.org,675928983617,(853)141-0631,-90.43307678483636,41.535792918026246
81,David Moyer,Torres Ltd,271-45-7463,"666 Hogan Oval
Owenshire, CA 35990",Astronomer,ebrown@hotmail.com,1915-06-06,David.Moyer@conner.com,3547686368599858,001-088-058-4670,-86.30575999999996,34.065645000000075
82,Michael Petty,Bonilla-Hall,100-94-9048,"8501 Kramer Curve Suite 185
Thompsonfurt, NM 84520",Facilities manager,kennethosborne@gmail.com,1981-01-20,Michael.Petty@lopez-hughes.net,2286110028189726,6829858992,-110.41873279999999,39.547173100000066
83,Tonya Castillo,"Jones, Underwood and Williams",114-45-9997,"38731 Melissa Islands
Jeffreymouth, CO 12452",Analytical chemist,michele36@gmail.com,1981-03-15,Tonya.Castillo@thomas.com,6553427755617266,001-094-808-4691,-8.57400999999993,52.072640000000035
84,Jesse Fisher,Rice and Sons,862-97-2817,"8749 Wood Loaf Apt. 601
Adamston, MT 30913",Maintenance engineer,ccampbell@yahoo.com,1926-02-17,Jesse.Fisher@sanchez-hartman.info,4448712877254757,635-686-5735x84624,-81.96730999999994,33.47141000000005
85,John Thompson,Scott PLC,425-10-4015,"92550 William Pike Apt. 414
New Adamside, CA 75302",Hospital pharmacist,zacharydennis@yahoo.com,1912-01-29,John.Thompson@pena.biz,4440301483393437478,0959112918,-120.87373999999994,39.471550000000036
86,Catherine Jones,Henderson-Harris,643-78-9158,"19800 Cardenas Loop
West Alisonmouth, OK 35335",Chief Operating Officer,mcknightlisa@gmail.com,1935-11-21,Catherine.Jones@stewart.info,4435901782930776,(234)793-2393x81302,-42.037976293999975,-19.51619999999997
87,William Williams,Hill-Simpson,327-90-0804,"USS Anderson
FPO AE 78480",Newspaper journalist,heather90@hotmail.com,1908-05-22,William.Williams@phillips.info,6522082106273893,001-947-080-8686x5878,-97.28708309999996,27.668407600000023
88,Nina Smith,Wright-Stuart,446-85-6007,"37092 Mcmillan Road
Port Colinchester, RI 91235",Electronics engineer,john79@hotmail.com,2004-10-25,Nina.Smith@rivas-lewis.com,2392521183401667,(022)617-5999,11.505673663000039,49.60239000000007
89,Brad Murphy,Morales-White,072-18-6189,"59362 Brent Camp
North Kenneth, NE 24335","Surveyor, insurance",janderson@gmail.com,1915-11-10,Brad.Murphy@crawford.com,4684985584726712,431.475.9926x597,-89.84520999999995,19.749420000000043
90,Justin Erickson,"Wallace, Burns and Pham",527-71-8221,"9251 Castro Forest
South Chad, KS 81952",Network engineer,scottwyatt@gmail.com,1943-02-01,Justin.Erickson@barrera.org,4602812858982,(504)806-4315,31.438271605000068,40.92215465700008
91,Sean Jimenez,Tucker LLC,364-06-1167,"757 Kirk Freeway
Lake Jessica, MN 65492",Local government officer,jeremy46@hotmail.com,1935-07-08,Sean.Jimenez@stewart.com,3554284095755074,001-647-150-2692x66005,-91.44459243299997,47.63953118100005
92,Jose Ross,Moore PLC,684-44-0292,"PSC 4473, Box 6636
APO AA 94586",Radio broadcast assistant,xolson@gmail.com,1970-05-10,Jose.Ross@roberts-alexander.com,180063459528170,393-579-8647x566,-121.88519249999996,37.594629800000064
93,Karen Caldwell,Massey-Ray,756-74-1213,"711 Austin Viaduct Apt. 509
North Patricia, IN 37239",Police officer,ebryant@hotmail.com,1963-10-20,Karen.Caldwell@lucas.com,30038554849210,001-234-534-7911x9769,-87.41428918976659,41.48960654582633
94,Kristina Martinez,Thomas Group,304-45-0758,"43288 Harris Springs
South Danielle, ME 84386",Electronics engineer,flopez@gmail.com,1955-06-07,Kristina.Martinez@davis.com,3580647264991548,844.830.0775x5555,-95.41928999999999,30.08453000000003
95,Stacie Benson,Morrow-Conrad,169-40-9394,"80379 Wilson Creek
North Soniamouth, NC 52668",Recycling officer,belledward@gmail.com,1930-05-03,Stacie.Benson@davis.info,372332150978879,(426)362-2420,-78.09070999999994,36.31382000000008
96,Danielle Williams,"Collier, Lang and Campbell",247-85-6488,"739 Sharon Orchard
Bradleyville, ME 03367",Horticultural therapist,daniel93@hotmail.com,1983-12-16,Danielle.Williams@gray.com,213156593987392,001-410-375-7632,-46.53299149999998,-23.57023812799997
97,Teresa Thompson,Nguyen LLC,667-70-0078,"72299 Manuel Manors
Lake Russell, AR 75472",General practice doctor,frank17@gmail.com,1928-12-23,Teresa.Thompson@williams.com,4251508795312289,(753)747-7370x5960,-91.50816999999995,35.362630000000024
98,Justin Hansen,Rios-Moore,538-68-4455,"69614 Melissa Causeway
South Tracey, OR 99478",Audiological scientist,ctaylor@hotmail.com,1941-06-24,Justin.Hansen@finley.biz,4337180543185233783,156-201-6726x10791,-122.89212722335694,45.3225410348627
99,Monique Willis,Williams Ltd,835-17-4955,"253 Peterson Lodge
Bryanton, NH 40942","Designer, blown glass/stained glass",amywhite@gmail.com,1971-09-20,Monique.Willis@martin.com,4031718046403,398.854.9811x487,-71.63904455193855,42.716808825174155
100,Timothy Lowery,Johnston PLC,672-27-9387,"4204 Sanchez Port Apt. 244
Adrianachester, DC 08511","Conservation officer, nature",crawfordcarolyn@yahoo.com,1998-03-14,Timothy.Lowery@benjamin.biz,4557952652679920,281-486-7926x96067,-74.56108859999995,40.045961600000055
101,Philip Miller,Saunders Ltd,808-85-7700,"7481 Porter Path
Weavershire, NV 87105",Research scientist (maths),sandra87@yahoo.com,1925-02-13,Philip.Miller@fleming.net,2720200739384973,(869)712-9043,-106.69772889999996,35.087492000000054
102,Stephanie Rasmussen,"Bell, Logan and Long",799-89-3289,"284 Maria Stravenue Apt. 582
West Johnmouth, NM 92746",Arts development officer,phillipsjesse@yahoo.com,1998-08-19,Stephanie.Rasmussen@adams.com,180029917043417,978.830.5568x106,-108.27424810071282,34.91559736264923
103,Jennifer Taylor,Davis Group,443-64-6112,"116 Hansen Stravenue Suite 006
Lindamouth, NM 66521",Dancer,wanglaura@yahoo.com,1960-01-11,Jennifer.Taylor@owens.net,4469748600114,301-826-6796,-105.67225997600345,33.353749985505715
104,Joseph Cabrera,"Torres, Morse and Johnson",188-88-0545,"9483 Daniel Crest
East Mirandaview, HI 19350",Tourist information centre manager,brivera@yahoo.com,1925-11-04,Joseph.Cabrera@barnes.net,4592404321521908,+1-306-554-8320x56566,-75.73688029999994,39.78712960000007
105,Mrs. Emily Parker MD,Cantrell Group,377-55-4332,"651 Robbins River Suite 052
South Brittany, CT 45057",Personnel officer,john74@hotmail.com,2011-10-29,Mrs..Emily.Parker.MD@mays-cohen.com,213138089606157,+1-040-627-4464,18.500699968310386,-33.946690007088094
106,Kimberly Barnes,Berry-Copeland,416-02-3491,"127 April Hills
West Wyatt, ME 70258","Engineer, energy",edwardsrachel@yahoo.com,1954-12-02,Kimberly.Barnes@chen-ho.com,4867666345972272191,001-718-664-4051x72566,-69.90537169539924,43.91663229634748
107,Mason Gomez,Orozco Group,339-09-6782,"6831 Mcgee Port
South Brenthaven, OH 40985",Manufacturing engineer,jennifer49@yahoo.com,1984-01-07,Mason.Gomez@poole.com,3563381076719878,001-542-757-5708x824,-99.97114606299999,16.960945000000038
108,Michael Campbell,"Chaney, Warren and Young",898-93-0737,"41762 Michelle Gardens
North Patrick, DC 81232",Trade mark attorney,christina04@yahoo.com,1995-05-22,Michael.Campbell@hudson.com,6508212944374706,354-504-2820x7157,-105.61259499999994,38.265055000000075
109,Brenda Lozano,Soto-Lee,335-27-7913,"Unit 4755 Box 0854
DPO AA 58515",Ecologist,kingkatherine@yahoo.com,1919-04-22,Brenda.Lozano@steele.org,3515325639140998,001-929-678-1639x1024,7.634529124000039,51.19944000000004
110,Alicia Smith,Morrow PLC,624-06-6511,"Unit 0468 Box 3464
DPO AE 46150",Automotive engineer,tiffany44@gmail.com,1958-03-18,Alicia.Smith@goodman.com,36412773041483,+1-728-866-3069x0993,-85.62133499999999,39.57001500000007
111,Teresa Wilson,Lamb Group,619-22-7370,"529 Alvin Fort
Port Christopherborough, MO 05150",Scientific laboratory technician,kevin77@gmail.com,2018-11-17,Teresa.Wilson@smith.com,2277232346134977,944-660-7730,-72.52835299999998,43.33643660000007
112,Emily Barber,Obrien and Sons,869-41-4843,"Unit 5075 Box 6830
DPO AE 30005","Conservation officer, historic buildings",imacias@hotmail.com,2006-10-05,Emily.Barber@james.com,6011977236077692,001-047-607-6853x00414,-84.20580749999993,34.067419200000074
113,Jason Aguilar,Henry LLC,183-58-5823,"69103 Reginald Circles Apt. 922
Sabrinaburgh, NV 28440",Pensions consultant,davidherman@yahoo.com,1991-07-07,Jason.Aguilar@clark-webb.info,4987404118716367,001-545-407-8344,-4.114242771999955,40.67350000000005
114,Victoria Berry,Mcmillan-Adams,250-70-6066,"PSC 3130, Box 8815
APO AA 04689",Building surveyor,braunjeffery@gmail.com,1957-01-10,Victoria.Berry@boyd.com,2708373395557681,(171)119-9576,-46.691786401999934,-23.669832999999983
115,Joseph Reyes,Glenn Ltd,804-72-2895,"47005 Barron Harbor Suite 158
Mariachester, WA 55159","Surveyor, minerals",tyler86@gmail.com,1959-06-03,Joseph.Reyes@yoder-turner.net,4620818114374,(974)028-7056x3590,-120.71051999999997,48.743940000000066
116,Angela Lucero,Perez-Flowers,582-63-0221,"07736 Steven Harbor Apt. 285
Romeroton, AR 64759",Nature conservation officer,brianbenson@hotmail.com,1934-02-05,Angela.Lucero@johnson.com,4199212562330,+1-472-727-4205x099,-90.67215999999996,35.77415000000008
117,Tina Henderson,"Curry, Campbell and Waller",347-84-9961,"77887 Alejandro Isle Apt. 517
Mccoyborough, NY 95783",Tour manager,fpierce@hotmail.com,1919-02-25,Tina.Henderson@middleton-wheeler.com,4691339297539874,077.712.3993x2220,-51.42279139599998,-29.61230382599996
118,Thomas Simon,"Watkins, Harris and Reyes",810-38-3498,"330 April Mountains Suite 039
Bensonhaven, WI 61599",Legal executive,jeffery89@yahoo.com,2007-06-22,Thomas.Simon@randall.com,4763650206032890290,(601)123-8198x9679,-89.53302772984496,44.56487653101112
119,John Barnes,Gibbs-Suarez,387-94-1283,"3104 Leonard Valleys Apt. 200
North Tammie, IN 64739",Press sub,ujacobs@yahoo.com,2004-02-16,John.Barnes@james.net,5473522165679556,(442)494-6466x49576,-86.37021708300257,39.40230695725588
120,Ricky Bishop,Lewis-Caldwell,373-60-8483,"1616 Weeks Spur Apt. 426
Lake Gabrielle, MD 31605","Therapist, speech and language",clairejensen@gmail.com,1994-05-02,Ricky.Bishop@bell.org,5149457865770542,892.701.4618x70095,-85.58952884911704,43.92781569642177
121,Christine Coleman,Butler-Cuevas,066-29-3147,"4466 Erin Mission
North Ronald, ID 74877","Administrator, education",anita97@yahoo.com,1964-05-30,Christine.Coleman@fleming.com,4660705897020,000-184-3620x360,40.52461619200005,29.207955000000027
122,David Alexander,Bailey-Camacho,834-82-4447,"8215 Garrett Cliff Suite 711
Donnafurt, NY 79255","Therapist, music",tammy33@hotmail.com,1944-04-30,David.Alexander@hill.com,4257915379074128624,001-932-469-3193x88420,-100.98928999999998,34.37175910000008
123,Terry Jones,Strickland Inc,686-81-2025,"1790 Silva Inlet Apt. 259
East Kimberly, IL 05772",Education administrator,russoerin@gmail.com,1913-02-16,Terry.Jones@brown.com,3561405093879910,(161)538-3389,-89.24036999999998,41.73503000000005
124,Elizabeth Johnson,"Jones, Lee and Jones",184-89-4112,"63474 Thomas Curve
Lake Tracyfort, ME 69334",Glass blower/designer,bjohnston@gmail.com,1991-07-24,Elizabeth.Johnson@anderson.com,675994820271,7728811548,-103.32496499999996,41.75861000000003
125,Stephen Flores,"Mora, Vargas and Hernandez",682-26-6262,"082 Kristina Bypass
East Richard, MN 33609",Legal executive,jordanbenjamin@yahoo.com,1976-10-30,Stephen.Flores@spencer.com,2257627340097472,867.243.2647,-92.90232692823828,47.41774128399617
126,Krystal Lloyd,"Coleman, Phillips and Mata",078-51-3832,"5479 Matthew Track Suite 436
West Mary, KS 18112",Copy,timothywilson@yahoo.com,1998-09-23,Krystal.Lloyd@lynch.com,3584998507059981,001-122-343-0333,-95.73683940298774,37.879247466128795
127,Angelica Charles,"Stokes, Sandoval and Jacobson",726-79-3660,"55425 Wiggins Unions Apt. 515
Lake Danielchester, MA 45237",Production engineer,jason58@yahoo.com,2017-01-06,Angelica.Charles@young-dalton.biz,676253412941,310-967-5117x759,-84.46221499999996,39.19518500000004
128,Samantha Brown,"Cobb, Wells and Morales",070-57-4920,"26293 Leblanc Inlet
North Stevenfurt, HI 50951",Ambulance person,jamesrhodes@gmail.com,1913-04-13,Samantha.Brown@zimmerman.net,3550352254626347,722.509.4127x15334,-79.92518499999994,38.77182000000005
129,Anna Munoz DVM,Swanson-Hernandez,455-59-8677,"20763 David Villages
South Angelafurt, VT 66465",Television/film/video producer,derek68@hotmail.com,2010-07-12,Anna.Munoz.DVM@smith.biz,374051233553495,+1-785-435-8628x808,-73.23515492176412,43.60170004591424
130,Dawn Morse,"Wolf, Stewart and Montgomery",111-45-9104,"415 Mccann Locks Apt. 067
Port Pamela, NJ 43302",Water engineer,fcarter@gmail.com,1923-06-17,Dawn.Morse@davis-rhodes.com,501890779462,121.537.3405x1714,-83.12681499999997,40.587359400000025
131,Ashley Walker,Chapman-French,807-41-1735,"521 Martinez Turnpike
Port Amandaborough, AR 16732",Therapeutic radiographer,qguerrero@hotmail.com,1946-11-04,Ashley.Walker@walker.biz,4789218637242105,0559113483,-78.59600549999999,41.85619250000008
132,Ashley Manning,Ortiz-King,790-68-2640,"2707 Kevin Cliffs Suite 115
Dawnbury, ID 97551",Dietitian,fernando70@hotmail.com,1932-11-02,Ashley.Manning@leonard.info,6011845327068237,(703)594-8933x03611,-116.97564999999997,42.63978000000003
133,Rebecca Rodriguez,"Wilson, Clark and Collins",732-80-3133,"939 Richard Lakes Apt. 349
Gregoryfort, AK 12696",Horticultural consultant,matthew06@gmail.com,1967-11-25,Rebecca.Rodriguez@ramirez.net,4180076561180469435,912-441-5220x48038,-148.15910722582362,64.82740920661612
134,Kelly Vang,Thomas-Webb,144-97-0024,"PSC 9296, Box 1832
APO AA 20373",Risk manager,hsmith@yahoo.com,2014-10-25,Kelly.Vang@nelson.info,341507190648081,194.946.1264,-77.02970999999997,38.92526000000004
135,Andrew Bradley,"Martinez, Moran and Shaw",065-94-1622,"314 David Summit
Suttonport, SC 39729",Photographer,hamiltonlynn@gmail.com,2001-10-09,Andrew.Bradley@hicks.com,4647798016551368,(608)514-4685,-80.58200875929985,33.18078879606613
136,Melinda Hammond,Walker and Sons,029-96-9992,"USS Vazquez
FPO AA 90600",Patent examiner,moorelisa@yahoo.com,1923-08-10,Melinda.Hammond@oconnor.org,4948360666986313227,6234061411,6.972878354000045,47.537840000000074
137,Kevin Jones,Booth Group,754-26-8159,"0350 Williamson Ferry Apt. 235
Lake Kevin, MO 97804",Cartographer,ajohnson@hotmail.com,1972-05-10,Kevin.Jones@ortiz-hines.com,6011592399732478,2383757135,-92.83897999532508,38.43369035145207
138,Lucas Mcintosh,Perez Group,537-05-8563,"291 Mccarty Cliff Suite 846
Ericborough, WV 59020",Commercial art gallery manager,jaredbryant@yahoo.com,1983-05-16,Lucas.Mcintosh@gentry.com,6538924898044127,625-310-7606,-80.5243802962498,38.22309207075002
139,Summer Bush,Salas-Horne,135-70-4954,"Unit 6151 Box 5087
DPO AE 30267",Nutritional therapist,allenjose@yahoo.com,2006-01-05,Summer.Bush@robinson.biz,4196475220828277204,129.689.0305x97268,12.873202926000033,56.66502000000003
140,Vernon Paul,Watkins-Mann,272-33-8110,"75944 Brian Plain
New Susanburgh, AL 44882","Engineer, mining",bradfordpaula@yahoo.com,1910-04-03,Vernon.Paul@stevens-evans.com,213171811859901,001-633-716-1708x030,-83.17001499999998,40.95003000000003
141,Alicia Parker,"Brown, Ramos and Dennis",648-52-7449,"56986 Thomas Villages
Lindsayshire, VA 89668",Information officer,valerie99@gmail.com,1975-03-15,Alicia.Parker@padilla.com,4366854326523420,790.198.8643x3974,-76.60411999999997,37.949020000000075
142,James Phillips,King Ltd,729-22-7266,"570 Palmer Stream
West Michelleshire, IN 77293","Geologist, wellsite",joanna62@yahoo.com,1917-01-05,James.Phillips@hill.net,3557266029790696,0260666760,-87.23804999999999,41.391260000000045
143,John Ochoa,"Carr, Diaz and Lewis",657-65-8382,"83055 Jones Circles Suite 851
North Laurabury, WY 86053",Sport and exercise psychologist,stephanie50@hotmail.com,2020-03-14,John.Ochoa@davis-gonzalez.info,378254150021555,(268)068-7448,-111.11891635699999,36.550926479000054
144,Brenda Abbott,Elliott-Smith,091-31-2252,"5329 David Island
Christopherton, TN 25024",Telecommunications researcher,shawn46@gmail.com,1933-12-26,Brenda.Abbott@garrett-fernandez.com,30431878309906,326-558-2722,-81.63639659999996,38.142168800000036
145,Charles Combs,Goodman-Smith,034-44-0876,"USCGC Stevens
FPO AP 20905",IT technical support officer,connor06@yahoo.com,2007-05-27,Charles.Combs@larsen.com,4812917194109112950,001-211-822-4055x6152,-77.01800749999995,39.09864860000005
146,James Smith,Miller-Glenn,534-47-8187,"19254 Steve Pine
Taylorside, MT 08972",Race relations officer,ecox@gmail.com,2001-04-03,James.Smith@crawford.com,3579280887114901,001-416-892-0235,-109.63738999999998,45.19767000000007
147,Andrew Lewis,Austin-Hawkins,316-86-7359,"56406 Rice Ranch Apt. 718
Kerrfurt, OR 01279",Fine artist,sweeneythomas@hotmail.com,1963-04-18,Andrew.Lewis@thompson-hays.info,581072696205,309-670-2335x18633,-121.09555999999998,45.525720000000035
148,Ronald James,Osborne-Obrien,608-40-3477,"Unit 7886 Box 0955
DPO AE 78214",Metallurgist,adamskevin@gmail.com,1929-10-30,Ronald.James@ryan.com,4825164739067677063,483.366.9864x94665,-98.50224079999998,29.378540000000044
149,Heather Schwartz,Woodward Group,464-67-2236,"868 Kathryn Passage Apt. 560
Kennethchester, AL 34651",Sales promotion account executive,allisonharrison@hotmail.com,2004-04-14,Heather.Schwartz@woodward.com,060439445283,621.859.1474x267,34.996213701000045,32.796339500000045
150,Madeline Hughes,"Rivera, Jones and Berry",094-26-0114,"87977 Watts Ranch
Brookshaven, MA 37009",Print production planner,spruitt@hotmail.com,1992-10-26,Madeline.Hughes@smith.com,38540049130181,+1-857-296-6298x62781,-90.54010840913419,31.5423565288727
151,Susan Hernandez,Padilla Inc,122-09-7594,"2356 Hernandez Station
Elizabethview, NV 11160","Teacher, early years/pre",christinetucker@gmail.com,1995-06-10,Susan.Hernandez@king.com,4548001576323911646,549-174-9729x39758,2.510203241000056,43.33373000000006
152,Susan Lyons,"Flynn, Lane and Bowman",557-98-0651,"2287 Miller Keys
West Jeffreychester, MA 05254","Embryologist, clinical",yryan@yahoo.com,1936-03-11,Susan.Lyons@carlson.org,3520000035449037,(042)780-9104x108,-73.06696999999997,43.164120171000036
153,Dr. Robin Johnson MD,Hinton-Moore,496-17-1498,"594 Heather Terrace Apt. 637
North April, NV 66142",Emergency planning/management officer,zwilkins@hotmail.com,2015-06-29,Dr..Robin.Johnson.MD@figueroa-paul.net,4716878139291526,(520)673-1450x41534,-115.96444721219137,36.2293232424927
154,Jeffrey Moore,"Reed, Duran and Gomez",819-39-2591,"9244 Kimberly Route
Markbury, MT 59413",Hydrographic surveyor,andrewtate@yahoo.com,2008-10-07,Jeffrey.Moore@fisher.com,3539079977213527,(440)841-2180,110.68206500000008,-6.599863352999932
155,Pamela Jimenez,Reyes LLC,182-43-7411,"116 Christopher Court
Tateport, VT 97717",Water quality scientist,newtonjared@hotmail.com,1914-02-07,Pamela.Jimenez@cox-richard.biz,4174121785641765028,802.002.5122,-73.21801670821971,44.99211901408183
156,Daniel Long,Sims-Thomas,435-97-3265,"7857 Richard Row
Port Carrieborough, PA 26754",Publishing copy,ywilliams@yahoo.com,1979-04-27,Daniel.Long@hamilton.net,3509276952946156,+1-143-246-4054x75802,40.314130000000034,21.048184800000058
157,Maria Leon,"Bender, Miller and Faulkner",812-16-0567,"3179 Phelps Port Suite 868
Megantown, MS 43754",Financial controller,james36@hotmail.com,2006-06-19,Maria.Leon@shepherd.com,6538759357964732,001-364-835-9264x4526,-89.78079225930345,34.24993292276605
158,Alexandra Larson,Perkins-Torres,616-49-0303,"23347 Jeffrey Camp Apt. 674
Weekstown, MD 26127","Engineer, automotive",zimmermanallen@hotmail.com,1939-10-31,Alexandra.Larson@frye.com,180021454540558,149.008.4174,8.196736324000028,53.17719500000004
159,Carolyn Johnson,Atkins-Romero,401-53-5068,"Unit 6559 Box 2585
DPO AE 29617",Art gallery manager,christopherfrank@gmail.com,1961-09-19,Carolyn.Johnson@hopkins.biz,586374924866,(701)327-1666x107,-82.45655119999998,34.904225000000054
160,Randy Ruiz,Lee Inc,177-63-6211,"5251 Mays Mountains Suite 309
South Shelley, UT 96198",Geophysical data processor,natashadavidson@gmail.com,2013-09-08,Randy.Ruiz@cardenas.com,2258253203611587,001-344-241-3592,21.394392195000023,55.80806194200005
161,Melissa Brewer,Cross-Johnson,129-69-6097,"2069 Jackson Corners
West Christinaburgh, MA 35166","Research officer, political party",halemichael@hotmail.com,1983-08-07,Melissa.Brewer@dean.biz,4505844657482181,450.497.9983x40478,-42.607159999999965,-19.23222298099995
162,Charles Johnson,"Nelson, Moore and Pruitt",436-49-0675,"PSC 3527, Box 3735
APO AP 47202",Radiation protection practitioner,normanalexis@hotmail.com,1907-09-24,Charles.Johnson@miller.info,3538744766316176,178.570.9587,-85.92252999999994,39.20292500000005
163,Veronica Roach,Carter-Hill,261-91-9629,"50296 Heidi Camp Suite 046
Cherylview, MI 72273",General practice doctor,katherinediaz@hotmail.com,2014-07-04,Veronica.Roach@morgan.info,347705132806411,(557)503-6351x8537,115.89155000000005,-3.5356808789999263
164,Bryan Calderon,Gardner-Rodriguez,343-56-8834,"5648 Turner Junctions Suite 839
West Phillipmouth, KY 36769","Administrator, charities/voluntary organisations",smithsuzanne@hotmail.com,1951-07-24,Bryan.Calderon@perry.biz,4195800907986,574.422.0794,-83.10455414638298,36.85207784758401
165,Allen Benjamin,Logan-Sparks,273-56-2171,"212 Zamora Ford
New Christopher, CT 50872",Insurance risk surveyor,vkelly@hotmail.com,2005-11-26,Allen.Benjamin@herman-olson.com,4919945741181489,388.000.0711x572,-89.05351999999993,37.97252000000003
166,Michael Bradford,Smith Inc,351-87-3282,"6210 Bell Inlet
Johnnyfurt, SC 98597","Solicitor, Scotland",fisheredward@gmail.com,1920-09-21,Michael.Bradford@gibson-hill.com,2669269793284455,278.442.3023,-122.61074499999995,46.94155000000006
167,Robert Johnson,Goodwin LLC,061-64-4656,"23062 Jacob Mountains
Port James, FL 26908",Nutritional therapist,shannon95@yahoo.com,2003-03-05,Robert.Johnson@russell.org,2709606294624352,563-867-6839x3020,-82.1302434888341,27.062629989357106
168,Jeff Harper,"James, Hill and Carter",084-60-5606,"25429 Dennis Parkways
Nicholaschester, MI 36557",Press photographer,derek66@gmail.com,1956-09-27,Jeff.Harper@sanders.com,4413189649453,+1-574-631-8601,-8.34343462299995,42.648025000000075
169,Nicholas Rose,Roberts Inc,442-35-9292,"030 Waters Expressway Apt. 800
Spencerstad, SD 14643",Chartered legal executive (England and Wales),markruiz@gmail.com,1976-05-28,Nicholas.Rose@blake.com,4304523014704,2511070360,-96.50100467197436,42.546491773695955
170,Ms. Tracy Richardson MD,Ochoa Inc,282-43-5725,"4576 Dean Valleys Apt. 231
Eduardoview, NV 95688",Artist,george94@yahoo.com,1942-09-23,Ms..Tracy.Richardson.MD@crawford.net,3566355334766068,592-844-4456x20283,-121.99343999999996,38.35541000000006
171,Debra Castillo,Avery-Williams,347-92-3104,"381 Abigail Hill
Port Jeffrey, NH 23343",Production manager,holly97@hotmail.com,1947-06-03,Debra.Castillo@williams.com,2275388992322415,001-213-640-7950,-71.70233999999994,43.52015000000006
172,Samantha Howard,Gomez PLC,746-63-9370,"713 Sosa Burgs Suite 698
North Kathleenhaven, IA 62229","Designer, interior/spatial",ashleyfowler@gmail.com,1993-10-31,Samantha.Howard@barrera-baker.com,2432495814738718,466-252-1283,-99.23042357299994,18.96571000000006
173,Tara Rice,"Rogers, Howell and Alvarez",705-30-6376,"961 Hernandez Estates Apt. 728
Katietown, DC 37296",Adult nurse,josephfigueroa@yahoo.com,2011-05-10,Tara.Rice@bowen.com,213192605731403,427-095-3766x9306,10.082909200000074,51.090775000000065
174,Brenda Black,"Hayes, Klein and Hamilton",804-59-3441,"498 Veronica Neck Suite 298
Billymouth, CA 19707",Plant breeder/geneticist,ncurtis@hotmail.com,1916-09-07,Brenda.Black@taylor-smith.com,4947638590297334,+1-328-679-9121x1683,-120.66797262015392,35.619112744016284
175,Christopher Newton,Meza Ltd,087-78-3002,"Unit 9040 Box 6357
DPO AP 73353",Politician's assistant,kdelgado@hotmail.com,1985-01-23,Christopher.Newton@johnson.biz,4594137123944567,+1-860-570-1483x8555,40.954956914000036,31.21736500000003
176,Michelle Taylor,Martinez-Montgomery,246-23-7357,"4351 Mitchell Springs
Carmenhaven, LA 72219","Therapist, music",josephlee@hotmail.com,2009-06-12,Michelle.Taylor@young-sanchez.net,213117909277282,(491)882-1649x68585,-93.62706999999995,31.791030000000035
177,Mark Gonzales,"Mccoy, Thomas and Nelson",003-46-0481,"9624 Allen Cove
Port Sarah, NH 32567",Orthoptist,stevensonleslie@yahoo.com,1926-05-04,Mark.Gonzales@green-martinez.org,4858454866804867234,(439)245-2852,-86.46163499999994,30.96283500000004
178,Kelly Perry,Romero-Hughes,737-92-7424,"296 Regina Motorway Suite 419
North Shannonville, NM 03793","Engineer, civil (consulting)",bwebb@yahoo.com,1932-01-07,Kelly.Perry@strickland.com,376677483195740,881.068.0639,-106.95736999999997,36.183700000000044
179,Tony Smith,Morrow-Cox,115-27-6856,"9887 Ethan Ferry
East Amandafurt, ND 86682","Conservator, furniture",eedwards@yahoo.com,1961-09-10,Tony.Smith@hill-norman.com,4065689498022908,+1-382-681-7356x3793,10.878468139000063,48.711145000000045
180,Kristin Gardner,"Meza, Pena and Montgomery",362-88-6476,"5417 Hatfield Garden
Jonesburgh, LA 52082",Oceanographer,nguyenbrian@hotmail.com,2007-12-01,Kristin.Gardner@perez.com,3596803925581366,530.329.3109x15434,-92.64678999999995,31.91172000000006
181,Katherine Spencer,Kennedy-Kaufman,136-43-2268,"71235 Mercado Meadow Apt. 831
Billyport, KY 42418",Intelligence analyst,linda39@yahoo.com,1916-12-02,Katherine.Spencer@doyle-rodriguez.biz,060427963867,539-960-5979,106.04019475700005,-6.035664999999938
182,Jonathan Walker,"Cole, Perez and Lowe",597-35-1147,"USNV Fisher
FPO AP 26415","Scientist, research (physical sciences)",noah73@gmail.com,1923-10-26,Jonathan.Walker@patterson-dalton.com,4670170720631821,(484)077-6764,-80.96802409999998,39.28552460000003
183,Patricia Howell,"Myers, Higgins and Hodge",625-09-6690,"86137 Gonzalez Meadow
Cisnerosport, KS 43964",Civil Service fast streamer,moorebenjamin@gmail.com,1935-04-06,Patricia.Howell@camacho.net,060443883941,001-276-174-9201,-97.25834999999995,37.725880000000075
184,Sandra Jordan,"Wright, Pineda and Moore",426-09-6884,"04831 Bob Manors Apt. 646
Cruzport, TX 19487","Scientist, research (medical)",campbellstephen@hotmail.com,1951-08-17,Sandra.Jordan@murphy-moody.com,180076138115169,+1-608-810-5264x2073,-94.24112912594198,30.28895062793981
185,Brittney Chang,Armstrong Group,630-73-3562,"442 Watson Spur
Brendaside, OH 82530","Editor, commissioning",cgarrett@hotmail.com,1951-10-27,Brittney.Chang@armstrong.com,502000983580,3151811253,-80.5982923789481,40.64539052086447
186,Stacy Cantrell,Decker Ltd,279-80-6667,"08667 Diana Park Suite 385
Matthewtown, MN 57003",Musician,dcampbell@gmail.com,2015-09-03,Stacy.Cantrell@mitchell.org,30032194752090,001-287-966-5793,-96.73374499999994,43.761190000000056
187,Alex Berger,"Hartman, Hutchinson and Blair",255-06-2435,"1835 Adam Estate
Michaelfort, SD 73535",Town planner,jasoncampbell@gmail.com,1932-09-05,Alex.Berger@reed.com,4850302002901349,(652)128-6514x681,40.56447000000003,30.924516182000048
188,Joseph Martinez,Hall-Palmer,182-02-8578,"PSC 0114, Box 7995
APO AE 57325",Actor,johnhubbard@hotmail.com,1916-01-14,Joseph.Martinez@bonilla-cruz.info,3541447085807751,947-888-2897x7574,-99.33066499999995,43.80711500000007
189,Christy Dunn,Valencia Inc,010-91-3716,"4974 Johnson Squares
Linport, TX 72806","Engineer, water",harrisandrew@gmail.com,2019-06-22,Christy.Dunn@pena.com,370198599569856,(281)677-6289,-95.18532181676471,32.49092020700641
190,Mary Walker,Flores-Evans,057-27-5987,"39055 Brett Pike
South Sherry, CA 86051",Secondary school teacher,marcuslara@yahoo.com,1967-03-22,Mary.Walker@ferguson.com,180088918748846,(731)661-3772,-116.4748196850984,33.76393947219231
191,Mitchell Williams,Riley-Davis,384-61-7261,"2333 Tricia Mountains
Gonzalezville, IL 84726","Engineer, maintenance (IT)",gregorymacdonald@gmail.com,1955-12-25,Mitchell.Williams@gonzalez.info,3524292716566751,432.559.6467x090,-111.60028499999999,37.769555000000025
192,Brenda Tran,"Thompson, Wade and Rowe",655-53-6033,"8072 Frazier Green Apt. 512
South Kylemouth, AK 26165",Geophysical data processor,adriana97@yahoo.com,1994-10-05,Brenda.Tran@duncan.com,3597047766100428,(412)257-5498x78430,-43.383794999999964,-22.725857835999932
193,Amy Warren,Griffith-Cole,817-95-2160,"14170 Jose Lakes
North Chadmouth, PA 59783",Petroleum engineer,alicia78@gmail.com,1943-04-26,Amy.Warren@watson.com,38383203539065,638.074.6756x2580,-76.03241999999995,41.352580000000046
194,Tiffany Butler,Jackson Inc,894-85-0296,"06743 Ashley Drive Suite 885
East Williebury, AZ 28587","Designer, graphic",keithespinoza@hotmail.com,1971-01-05,Tiffany.Butler@rivera.com,3572935882200776,295.594.0778x9668,-111.8013012790217,33.20878880704393
195,Felicia Jacobs,"Stewart, Gonzalez and Dixon",048-31-2684,"043 Solomon Greens
Michaelchester, NJ 98559",Leisure centre manager,tiffanywright@hotmail.com,2018-11-12,Felicia.Jacobs@lyons.info,30016681401311,4402050205,-74.603014149839,40.627051054951274
196,Angela Hernandez,Vega LLC,252-63-4699,"0888 Christopher Shores
South James, ID 20438",Charity officer,bharper@hotmail.com,1956-05-30,Angela.Hernandez@boyd.net,4108663551593,538.508.9003,-116.80346988924009,47.72541558393911
197,Brianna Campbell,"Gordon, Patel and Hernandez",743-67-3115,"12158 Jennifer Viaduct
Port Jason, CO 25253",Hotel manager,hjimenez@gmail.com,1969-09-13,Brianna.Campbell@wilson-hammond.com,4080539687465,571-204-4602,-100.97179187799998,25.455720000000042
198,Ryan Rodgers,Rice LLC,378-63-9592,"1889 Solis Forest
North Jose, WV 25819",Sports therapist,petersonmadison@gmail.com,1965-01-23,Ryan.Rodgers@reeves-schmitt.com,375204537314226,268.869.5942,-81.65942338707092,38.48003423253714
199,Steven Williams,Barton LLC,069-78-8194,"2809 Julie Stravenue Apt. 701
New Barbarabury, VA 16030",Dance movement psychotherapist,richardcontreras@yahoo.com,1962-04-18,Steven.Williams@morris.biz,6574998434401996,(565)569-6320,-79.79842999999994,41.135230000000035
200,Glenda Wilson,Bright-Martinez,396-88-4894,"13515 Jamie Freeway Suite 227
East Ian, HI 63402",Financial adviser,fwagner@gmail.com,2017-04-08,Glenda.Wilson@armstrong-zimmerman.com,676351724056,001-788-837-6696x18367,34.77276400000005,32.08637041700007
201,Bradley Stevens,"Garcia, Fox and Anderson",063-27-9238,"9602 Wilson Shoal Apt. 998
South Misty, MA 91243",Public librarian,wcooper@hotmail.com,1970-05-15,Bradley.Stevens@brown.net,3507087116711648,+1-616-754-7327x9124,21.132847500000025,55.708586825000054
202,Deanna Tapia,Glenn PLC,641-22-9795,"66119 Watson Hill
East Ashleystad, MO 37512",Ceramics designer,jessica39@hotmail.com,1994-09-11,Deanna.Tapia@moon.org,30227882033973,(390)871-6100,-90.27602999999993,38.618310000000065
203,Susan Stewart,"Turner, Garza and Scott",703-44-6731,"58788 David Dale Suite 883
Kennedytown, NC 29197","Presenter, broadcasting",tgonzales@yahoo.com,1985-10-21,Susan.Stewart@king.net,6011405187895334,882-995-9072x156,-40.06361999999996,-19.834144873999946
204,Lori Hester,"Johnson, Thomas and Malone",336-24-9869,"1151 Lawrence Overpass
Davisfurt, AR 08634","Buyer, industrial",fredericklaura@yahoo.com,1938-06-04,Lori.Hester@vasquez.org,6011219392156485,371-705-2750x615,-90.42484503744353,35.97221586263961
205,James Williams,Vazquez-Page,328-91-4245,"95592 Pruitt Lane Suite 967
Stephanieborough, WI 77215",Charity fundraiser,ricky07@gmail.com,1980-03-19,James.Williams@everett-everett.com,379655456755747,(847)224-8276,-95.53919499999995,29.721470000000068
206,Andrea Hogan,Howard Inc,657-07-0612,"901 Clements Keys
Anthonyport, GA 92630",Biomedical scientist,hubbardisaac@gmail.com,2003-10-30,Andrea.Hogan@williamson.com,3559422614207459,(799)604-0743x641,-83.58149823064413,31.94455250975568
207,Kathryn Parker,Smith Group,088-01-9814,"9051 Brooke Passage
Clarkfort, KS 23497","Development worker, community",mboyer@gmail.com,1948-04-27,Kathryn.Parker@smith.info,4012936380915960,8638645238,-94.70406693467221,38.9648706143686
208,Patricia Becker,"Allen, Spencer and Mays",362-70-6952,"89422 Hernandez Pine
Lake Todd, NY 66240",Quarry manager,daltonheather@gmail.com,2017-01-13,Patricia.Becker@larsen.com,5220152063605150,1675393496,-74.52541999999994,43.222660000000076
209,Michael West,Bates PLC,259-86-3259,"7630 John Falls Suite 789
South Sherry, TX 48890",Research scientist (life sciences),gbrown@gmail.com,1938-04-26,Michael.West@evans-sanchez.com,4876135311358508,695-810-9956x983,-95.07584999999995,33.55911000000003
210,Miss Tara Newman MD,Evans-Rodriguez,033-97-6237,"Unit 0227 Box 4309
DPO AA 68909","Scientist, audiological",psmith@yahoo.com,2018-08-03,Miss.Tara.Newman.MD@medina.biz,341394860349872,176.286.4419,-51.06127299999997,0.13284489100004748
211,Brittany Stevens,"Beck, Joseph and Dunlap",896-62-7500,"973 John Harbors
Port Kimberlyview, TX 10745",Therapeutic radiographer,qwarner@yahoo.com,2003-08-11,Brittany.Stevens@yates.com,4277476102413,5698547483,-95.25676225829683,31.959015948402467
212,Sarah Archer,Castaneda Group,316-42-8727,"33450 Armstrong Lodge
Jennatown, SC 21575",Psychiatrist,frank44@gmail.com,1978-07-02,Sarah.Archer@harris.net,4046726224525053,143-401-8207x80700,-80.94054999999997,33.07150000000007
213,Javier Bryan,"Walker, Johnson and Boyd",281-90-5250,"1123 Stacey Mall Suite 299
Nixonport, IL 49633","Civil engineer, contracting",wwilcox@yahoo.com,1907-03-03,Javier.Bryan@harrell-gonzalez.com,2326580739403149,4863167290,-87.98617924920703,41.47064261669228
214,Madison Murphy,Hays PLC,753-09-0902,"496 Foster Glen
Weberfurt, UT 30461",Operations geologist,pramirez@hotmail.com,1954-07-28,Madison.Murphy@smith-washington.com,3597631772271511,001-286-475-7878x9728,-111.89520999999996,40.748560000000055
215,James Garcia,Johnson-Donovan,885-11-3493,"8378 Gonzalez Walk
North Josephport, ID 01623","Engineer, biomedical",lambertdonna@hotmail.com,1950-03-26,James.Garcia@lee.com,4369478728796392771,(630)333-2910,13.306990703000054,51.20614000000006
216,Deborah Rose,Casey-Aguilar,571-74-1139,"118 Michael Bridge
West Jennifer, ID 82865",Energy manager,lisa85@gmail.com,2007-08-27,Deborah.Rose@nelson.com,2296800920738798,485-667-8212x757,-116.5377641923321,48.34360148355575
217,Dana Woods,"Lewis, Nichols and Martin",350-96-9574,"229 Martin Estate
Knappland, VA 54216",Paediatric nurse,lawrencegarza@hotmail.com,1947-04-11,Dana.Woods@harris.info,2227807722446706,2876822542,-80.51684284341447,37.304427079797335
218,Terrance Norris,Roberts-Hunt,364-10-7911,"8865 Hansen Road
Port Jonmouth, KS 22698",Water engineer,hvasquez@gmail.com,1951-03-17,Terrance.Norris@martinez-ramirez.com,578516899742,(314)948-1813x313,26.324245390000044,42.59392050000008
219,Mr. Kevin Hernandez,Fernandez-Clark,342-89-5331,"443 Daniel Oval
North Katherinebury, WI 22114",Recruitment consultant,owensharold@hotmail.com,1938-10-19,Mr..Kevin.Hernandez@murphy-huerta.com,3556415773831732,001-110-202-7586x8224,-76.41856891497085,37.430750838345205
220,Patrick Shaw,"Miller, Owens and Cook",187-82-6516,"PSC 0149, Box 4773
APO AP 13751","Copywriter, advertising",leemichael@gmail.com,1952-08-29,Patrick.Shaw@evans-rivera.com,3550954137855819,0422895999,-74.87169509999995,42.46262950000005
221,Frank Clayton,Hernandez-Hammond,896-28-6214,"49111 Nicholas Junctions
Ricebury, LA 97952",Chief Operating Officer,nicole85@hotmail.com,2002-02-15,Frank.Clayton@mitchell.com,3529567600088292,+1-952-164-8732x134,-91.87842999999998,29.96309000000008
222,Donna Hughes,"Pacheco, Gregory and Parker",382-94-1835,"13421 Michelle Prairie
Michaelberg, KS 80789",Software engineer,deannabrock@hotmail.com,1971-06-24,Donna.Hughes@gordon-allen.com,4209847695490818,470-854-0879x8010,24.690560435000066,49.85219289300005
223,James Guzman,"Dominguez, Coleman and Cook",005-31-7473,"9497 Gonzalez Via
South Kim, NY 72123",Advertising art director,crawfordkimberly@gmail.com,1905-11-10,James.Guzman@wang.org,4361636734340264,0144287116,-110.16310531894541,29.70986804061399
224,Yvette Roberts,"Wright, Franco and Mccoy",022-80-6815,"180 Edwards Island Apt. 667
Juliaborough, FL 73627",Editorial assistant,andrew46@hotmail.com,1945-05-06,Yvette.Roberts@glass-villa.com,30344426390809,001-748-791-7173,-81.04237156991746,29.224366587737855
225,Calvin Hopkins,White PLC,354-54-6099,"1301 Matthew Heights
North Katherine, MN 42964","Scientist, product/process development",patkins@gmail.com,1994-01-08,Calvin.Hopkins@reed.com,4015012328930,+1-883-861-9030,-93.0209758365048,47.22605694240146
226,Hector Franco,Miller and Sons,633-98-6135,"4071 Cynthia Port Suite 138
New Kenneth, OR 47796",Geophysical data processor,thomas29@hotmail.com,1963-01-29,Hector.Franco@becker-evans.info,4486698628282077,5316107063,35.920855000000074,29.13017103800007
227,Jennifer Gallagher,Horn PLC,710-91-9753,"3907 Ethan Crescent Suite 422
Garciatown, GA 07709",Set designer,valenciadarlene@hotmail.com,1984-03-02,Jennifer.Gallagher@barajas-wood.com,3561885650313470,739-267-6289x9717,-84.29451105452426,33.642657005029115
228,Ashley Griffin,Cruz-Wright,156-29-1724,"068 Norman Cape
North Erin, OR 86605",Games developer,haleyryan@gmail.com,1935-06-02,Ashley.Griffin@adams.com,4084822032184348315,270.128.9979,-124.26094717617923,43.39175734900288
229,Rita Berg,Bailey Group,082-26-8071,"244 Wilson Knolls
Joshuabury, OR 58325",Product designer,imartinez@hotmail.com,1934-05-22,Rita.Berg@davis-taylor.info,4818817192316868,+1-777-824-8294x622,-123.39048836685335,42.56676286244274
230,Maria Norman,Lee-Vargas,217-89-0819,"465 Sarah Shore Suite 997
Stevenmouth, OH 57447",Operational researcher,tylerwillie@gmail.com,2013-01-24,Maria.Norman@pearson-figueroa.info,3581761141267185,+1-307-755-7310x34910,-83.36326851361287,41.56684161954885
231,Kim James,Nguyen and Sons,119-59-1968,"18471 Castro Spring
New Nicholaschester, MI 54442",Geophysical data processor,joannefowler@gmail.com,1919-10-15,Kim.James@dyer.com,346410475776377,(227)902-3648,-89.66644999999994,45.35169500000006
232,Dalton Dixon,"Butler, Brown and Oconnell",616-52-5758,"Unit 0165 Box 4219
DPO AP 55218","Teacher, adult education",ellisjordan@hotmail.com,1947-09-15,Dalton.Dixon@valencia.com,213183428317330,955.381.8669x852,8.069255828000053,49.969325000000026
233,Kara Cooper,"Orozco, Smith and Jones",150-38-6745,"422 Derek Shores Suite 689
Lake Alyssa, AL 73460",Marine scientist,karenlewis@gmail.com,1989-03-07,Kara.Cooper@spence-davila.biz,2249575102535349,+1-215-955-0990x26439,-87.75682012455127,31.43726321958893
234,Gary Medina,Coleman PLC,417-05-2004,"9395 Faith Passage Apt. 824
North Erikmouth, MA 95584",Cabin crew,christian31@yahoo.com,1934-11-01,Gary.Medina@foster.com,213148008750549,575-005-4127x1938,27.84162353100004,43.704044500000066
235,Joshua Mitchell,King and Sons,763-81-6713,"64862 Katie Glens
Christensenshire, DC 20626","Producer, radio",hansenchristopher@gmail.com,1931-02-20,Joshua.Mitchell@schmidt-wright.net,3592959368545484,(351)227-3887,-76.75502499999999,38.22754500000008
236,Julie Ball,Graves Inc,472-32-4483,"05108 Ronald Turnpike Suite 492
Port Sarahtown, DC 11678",Manufacturing engineer,brandyosborn@gmail.com,1955-03-19,Julie.Ball@bowman-gomez.com,4052190147594723,+1-976-511-2885x0113,-45.327591337999934,-23.571264990999964
237,Tracey Brown,"Green, Kelly and Martinez",610-01-0593,"080 Lisa Bypass
Port Amberville, MS 80077","Administrator, Civil Service",lewismaria@hotmail.com,2001-07-22,Tracey.Brown@payne-daniels.com,6584357988412024,977-780-6417x75134,1.8259039801426031,50.11389567918125
238,Sarah Burgess,Wells-Hancock,736-93-6039,"388 Ryan Dam
Lake Jessica, WV 75467","Pharmacist, hospital",qconley@yahoo.com,1939-02-05,Sarah.Burgess@mckinney.net,4742802639441068424,+1-773-603-7362,-87.22196843091984,41.54172118911302
239,David Gibson,Jones-Copeland,833-38-0045,"9086 Jasmine Path
Murphychester, NJ 62754",Architect,xmiller@gmail.com,1953-10-22,David.Gibson@martin.com,30283506259718,(368)151-5384x16391,-98.90882733299998,18.786440000000027
240,Robert Black,"Moore, Brooks and Scott",206-53-5353,"769 Robert Stravenue
South Melissamouth, MA 82775",Immigration officer,clinepeter@yahoo.com,1928-03-17,Robert.Black@bailey.com,4212238340021817,551.260.9813,-71.278219917453,41.98807505517644
241,Katherine Taylor,Cruz Inc,518-84-4581,"145 Dickson Crest Apt. 321
South Antoniotown, UT 41995",Speech and language therapist,fclark@gmail.com,1995-12-05,Katherine.Taylor@richards-jones.net,30364218835662,412-244-5474x20493,-116.86512966520318,32.80059188249728
242,Richard Garcia,Elliott Group,639-89-2634,"7317 Matthew Causeway Apt. 465
Ramseymouth, MO 18145",Environmental manager,nwade@gmail.com,2020-05-12,Richard.Garcia@barrett-perez.com,4778248628072,(585)638-8553x1494,-90.58182657160009,38.33932797148934
243,Cynthia Gray,Wilson Ltd,764-99-4737,"223 Shelly Village Apt. 827
New Jonathan, KY 94019",Quantity surveyor,carmstrong@gmail.com,2009-10-16,Cynthia.Gray@cox-griffith.com,343390335807906,967-239-8531x675,-85.57868666220675,38.04380159544465
244,Caroline Porter,Moore Group,166-99-4796,"02021 Ryan View
Bushfort, VT 23622",Chief Strategy Officer,gary85@yahoo.com,1989-05-16,Caroline.Porter@thompson.com,4824093346025662,(951)432-6826,-72.8837278719521,44.83266521275529
245,Jeffrey Wallace,"Foster, Hill and Forbes",069-78-3155,"Unit 7645 Box 1786
DPO AP 29911",Operations geologist,shill@yahoo.com,1942-01-06,Jeffrey.Wallace@figueroa.com,060413448915,509.418.7161x9336,-81.18714499999999,32.92580000000004
246,Nicole Martin,Collins PLC,423-68-1142,"99109 Pace Groves
North Jeffreyport, MS 35101",IT sales professional,debra59@hotmail.com,2006-02-02,Nicole.Martin@bennett-watson.com,30314934178434,161.362.5908x9299,-90.86104999999998,33.79292000000004
247,Jennifer Newman,"Preston, Walton and Todd",779-09-4738,"075 Johnson Extensions Apt. 753
Austinton, ND 59554","Engineer, building services",stephen75@gmail.com,1979-01-09,Jennifer.Newman@chavez-lopez.net,4335298969878898827,+1-230-646-5191x575,-102.78639262598504,46.88746574577153
248,Cheryl Ewing,Walker-Thomas,107-65-3940,"98299 John Villages Apt. 972
Lisaton, AK 50715","Runner, broadcasting/film/video",zimmermanjoshua@yahoo.com,1941-06-02,Cheryl.Ewing@hart.com,501807113482,(032)067-9075,110.48461636800005,-7.2975399999999695
249,Douglas Jimenez,Meyer-Perry,578-48-5522,"PSC 8949, Box 8268
APO AA 58560","Journalist, magazine",nrios@yahoo.com,1983-01-06,Douglas.Jimenez@martinez-baker.com,4844456473484,001-052-060-0952x85372,-100.29489149999995,46.67686980000008
250,David Thompson,Bennett and Sons,681-74-0852,"8464 Michael Extension Apt. 968
North Toddborough, IA 99055",Sales promotion account executive,bjackson@yahoo.com,1943-06-22,David.Thompson@garcia-boyle.com,4096387881835290,(377)877-0389,139.04632162400003,-4.416104999999959
251,Leonard Johnson,"Johnson, Adams and Blair",282-41-7759,"5878 Williams Views
Lake Tracyside, NM 10595",Magazine journalist,cschultz@hotmail.com,1973-06-21,Leonard.Johnson@barnett.com,3541266037725212,5454781821,-73.77638989999997,41.07595500000008
252,Michael Roberts,"Knight, Cole and Parks",785-09-9528,"674 Scott Junctions Apt. 476
Michelleton, WI 25906",Land,jordankaren@hotmail.com,1999-05-20,Michael.Roberts@gray.com,4269101911904,6251541262,-88.83910442112683,43.47347900910422
253,Martha Perez,Rodriguez Group,077-86-7719,"716 Rodriguez Port Apt. 456
Adamsview, NY 80958","Nurse, adult",ashley23@gmail.com,2020-08-02,Martha.Perez@manning-lucero.org,2577467004061057,(038)651-2537x8139,-76.02363999999994,43.810290000000066
254,Kelly Williams,Griffin-Brown,134-31-2158,"USS Larson
FPO AP 79164","Surveyor, commercial/residential",matthew93@yahoo.com,1913-11-24,Kelly.Williams@jones.com,4122984367382488,(179)121-0273,-121.21160999999995,37.92937000000006
255,Melinda Estrada DDS,Stewart Inc,073-74-9217,"10460 Zachary Key
Donnashire, WY 09277",Tax adviser,hcarey@gmail.com,1925-10-26,Melinda.Estrada.DDS@green.com,639079957895,(490)190-0941,-74.06167999999997,40.75542000000007
256,Amber Hansen,Watson-Kelley,353-32-8065,"53869 David Meadows
North Rachel, WA 48119",Tax inspector,jessicaperez@hotmail.com,1933-03-22,Amber.Hansen@jordan.info,5244897950324149,001-874-179-7254x420,-122.47294998289911,48.20907680008504
257,Courtney Potter,"Cain, Morrow and Cantrell",135-74-7864,"6639 John River Suite 189
North Timberg, MO 92263",Actuary,byrdsteven@yahoo.com,1986-09-10,Courtney.Potter@gallagher-alexander.org,675926930677,961-007-4329x4580,-116.52668499999999,33.80140000000006
258,Kaitlin Oconnor,Mitchell-Dixon,156-85-3235,"160 Simpson Well Apt. 032
Sethbury, DE 69310",Estate manager/land agent,matthew75@hotmail.com,2017-03-12,Kaitlin.Oconnor@jones-bauer.com,502033860276,001-547-586-8482x92887,-75.56971410838229,38.921797601061066
259,Michael Gomez,Ramirez-King,875-91-9629,"352 Carlson Squares Apt. 166
East Pamelaborough, LA 73729","Biochemist, clinical",carolyn67@yahoo.com,1960-11-26,Michael.Gomez@barnes.info,6011487583028991,110-853-7885x23575,-93.61777801695592,31.702948462571143
260,Michael Wilkins,Frye LLC,063-45-2977,"68942 Jason Mill Suite 425
Jordanfort, MO 79952","Engineer, biomedical",taylorangela@hotmail.com,1988-10-20,Michael.Wilkins@castillo.com,342569501079744,001-299-537-4940x334,-106.48738999999995,31.759795000000054
261,Jeffrey Snow,Taylor-Tucker,208-52-7876,"339 Murray Brooks
West Robyn, KY 18222",Chief Technology Officer,williamsmith@gmail.com,1941-02-10,Jeffrey.Snow@salinas.com,3534596811711205,+1-318-999-0341x9737,-88.59864455493833,37.06429429493439
262,Kelsey Garcia,Nash Inc,866-14-9805,"407 Santos Shoals
Williamton, IN 85562",Graphic designer,jeremiahjohns@gmail.com,2020-02-21,Kelsey.Garcia@mcgrath-vasquez.com,4572839092409102,183-429-2947,-86.79155999999995,38.66662000000008
263,Linda Price,"Page, Bryant and Davis",014-79-0674,"82826 Robinson Fort
Lake Jennifer, TN 71435",Equality and diversity officer,michaelmarshall@hotmail.com,1977-04-12,Linda.Price@woods-cooper.com,2706306995978230,222.691.2735x72921,78.70000000000005,10.833330000000046
264,April Rogers,Riley-Beltran,385-62-2998,"8391 Michael Common Suite 181
Port Lisa, NY 35874",Waste management officer,briantaylor@yahoo.com,1932-01-20,April.Rogers@kirby-ray.com,30035772673331,588-115-1655x252,49.19371724100006,26.95647500000007
265,Fred Daniels,"Rivera, Singleton and Braun",767-68-6022,"PSC 6789, Box 0525
APO AA 36600",Tax inspector,jonathon47@yahoo.com,1981-04-18,Fred.Daniels@mercer.com,3577870553779268,(999)632-8242x328,24.351148074000037,61.33229000000006
266,Paul Schaefer,Whitaker and Sons,780-56-7424,"Unit 6753 Box 0828
DPO AP 71845",IT trainer,richtyler@gmail.com,1980-02-01,Paul.Schaefer@hubbard-gibson.biz,6011323125583914,(342)939-5802x85909,-93.58104999999995,33.359950000000026
267,Alex Fox,"Mcneil, Adams and Werner",579-85-8200,"152 Flores Orchard
South Matthewborough, CA 69278",Geophysicist/field seismologist,bryanmason@yahoo.com,1918-08-16,Alex.Fox@wolfe.org,3559530027009476,840.110.2415x8853,-118.37102261222681,34.0731054254026
268,Michael Palmer,Reyes and Sons,849-84-5344,"51323 Angela Run Suite 107
South Benjaminbury, NJ 74528","Therapist, nutritional",rgarcia@yahoo.com,1982-09-01,Michael.Palmer@mills.com,343057043097126,6564899375,-95.77335079999995,34.751598100000024
269,Albert Adams,Reed-Brown,304-46-2328,"236 Foster Flat
Port Frankville, NE 01977","Nurse, mental health",nelsonrobert@yahoo.com,2012-06-09,Albert.Adams@gonzalez-greer.com,345448570729330,001-133-929-2959,-95.90838290021108,40.78404453928545
270,Andrea Castillo,Austin-Lee,306-75-4792,"20014 Jeffrey Square
South Charlesburgh, SD 03480",Community pharmacist,perrybrandon@hotmail.com,1921-11-08,Andrea.Castillo@smith.biz,3514834491064346,(907)104-9712x233,-46.50795524299997,-23.578038499999934
271,Melvin Thompson,"Davis, Gutierrez and Gomez",262-49-5053,"77584 Mercer Forges Suite 828
Port Jonathanton, ND 85647",Forensic psychologist,ewinganthony@hotmail.com,1951-12-24,Melvin.Thompson@morgan.com,501874218545,001-930-796-0566,-100.71178999999995,47.49065000000007
272,Alison Evans,Matthews-Cannon,369-92-8061,"724 Mark Skyway
Wheelerfort, SD 81426",Financial risk analyst,alyssa47@gmail.com,1936-09-07,Alison.Evans@lane.net,3506417971153605,001-816-191-4880,-107.86504119999995,37.858966800000076
273,Stacey Walker,Pope-Leonard,555-47-9461,"218 John Court Apt. 643
New Brian, MD 86361","Surveyor, rural practice",sheppardmichelle@gmail.com,1957-10-17,Stacey.Walker@simmons-lawson.org,4445864528984366,750-862-8717x7590,-84.57055938644922,41.47311274388777
274,Brenda Flores,Perez-Rivera,461-47-8377,"4890 Patricia Cliff Suite 239
Gilmoreview, NH 08721",Drilling engineer,ifrost@hotmail.com,2010-01-26,Brenda.Flores@bailey.com,180079226188346,(361)601-6031x323,-74.15128999999996,39.92545000000007
275,Sarah Chavez,"Shaffer, Reid and Cox",816-40-5604,"2597 Johnson Crossing
Johnsonstad, IN 68142",Bookseller,ryanmooney@hotmail.com,1932-01-22,Sarah.Chavez@hughes.com,180041264214525,(014)709-1876,-85.96639719211595,41.72450794719995
276,Brittany Lowe,Thompson Group,408-70-9602,"706 Klein Junction
East Stephaniefurt, AK 30527",Sports therapist,parksdavid@hotmail.com,2003-11-03,Brittany.Lowe@schmidt-mendez.com,341500828054129,(654)720-5141,-149.8046971910542,61.215825677043945
277,Patrick Griffith,"Smith, Webb and Payne",491-84-7788,"5103 Thomas Ferry Suite 003
Vazquezmouth, SC 45891",Financial planner,monica08@hotmail.com,1977-11-05,Patrick.Griffith@willis.com,3547226107119203,+1-792-178-3758x65724,-78.87059051934256,33.84088711745898
278,Barbara Young,Tucker Inc,275-13-8831,"802 Wright Inlet Apt. 793
East Julia, NM 00594",Environmental manager,veronica83@yahoo.com,1962-11-25,Barbara.Young@hoffman-hunt.info,675974927724,(748)310-8816,-105.97833072558284,32.85366776525839
279,Aaron Robinson DDS,Rivas-Knight,474-77-8051,"28653 Taylor Divide
Whiteton, IL 95254",Engineering geologist,randy31@yahoo.com,1905-03-02,Aaron.Robinson.DDS@miller.org,676300571178,952-445-4763,-90.96382999999997,39.60011000000003
280,Vincent Walker,Lee Inc,860-61-5773,"PSC 3324, Box 0631
APO AA 35822",Financial manager,lopezjoseph@gmail.com,1930-07-26,Vincent.Walker@johnson.org,4778447989688515,360-344-0308,49.50597589400007,27.10187458100006
281,Stacey Young,Snyder PLC,100-48-7225,"29077 Michael Prairie
Adamborough, CO 88980",Building control surveyor,wendy00@gmail.com,1986-10-06,Stacey.Young@hobbs.biz,503883733431,737-044-8093,-49.730109494999965,-29.270538830999953
282,Andrew Phillips,Hawkins-Mcgrath,269-34-7293,"23962 Santos Mount
Kempmouth, HI 46187",Higher education lecturer,kwright@yahoo.com,1971-11-01,Andrew.Phillips@foster-webb.com,4550143492965,+1-553-238-4486,-78.69695379999996,36.95598800000005
283,Sean Moore,Gonzalez-Wood,450-87-7074,"614 Salinas Station
Nguyenville, DC 12997",Museum/gallery conservator,gbrooks@gmail.com,1914-08-11,Sean.Moore@chambers-white.com,4956597992338561679,949.085.2184,-73.81797989999995,44.385042000000055
284,Joseph Moore,Webster LLC,132-13-5210,"8958 Michael Roads
Alexandershire, NE 11809",Interpreter,qsmith@hotmail.com,1961-03-27,Joseph.Moore@rodriguez.com,347489977971875,(480)396-9300x8654,-69.80568499999998,18.54414284300003
285,Tyler Dickson,Bennett-Brown,003-99-2726,"37144 Garcia Hollow Apt. 719
Richardville, OK 99431",Media planner,noah47@gmail.com,1916-01-24,Tyler.Dickson@jones-meyer.biz,341165780689815,309-893-4308x313,-95.28565999999995,36.88776000000007
286,James Massey,Bullock Ltd,595-63-8984,"654 Garcia Spur
Port Robertfurt, RI 72354",Local government officer,paul22@hotmail.com,1999-01-24,James.Massey@allen-chase.com,4304037662946828,803.865.2969x18698,-90.33709999999996,35.60990000000004
287,Donna Copeland,Jones PLC,090-75-1011,"3400 Ashley Village
Fitzgeraldtown, MA 29184",Lawyer,smithjoann@yahoo.com,1949-01-19,Donna.Copeland@bailey.com,4055975349465,+1-129-642-2653,-40.23665227399994,-20.18613499999998
288,Matthew Wiley,"Ferrell, Roberts and Larson",574-26-0603,"2905 Torres Loop Apt. 669
South Stephanietown, DE 95406",Mining engineer,smithaustin@gmail.com,2015-02-23,Matthew.Wiley@chambers.com,4237274798814461,912.613.9061x270,-122.73110579999997,38.45865180000004
289,Noah Graham,Cantu-Snyder,223-23-7529,"397 Greene Hollow Apt. 924
Millerfurt, ID 19750",Trade mark attorney,nicole57@gmail.com,1991-08-01,Noah.Graham@ellis.com,4728577532385195463,001-337-201-5519x3476,-111.20927485563632,43.72615000812964
290,Karen Duran,Boyd-Sanchez,122-07-6319,"030 Bobby Loaf Suite 144
Andremouth, HI 03974",Osteopath,irivas@yahoo.com,2010-03-25,Karen.Duran@stone.net,3505938533384991,471.853.1730x3126,-46.48460499999993,-23.61375934199998
291,Dana Shaw,Adams Inc,429-62-6978,"1486 Wendy Plain Suite 063
Butlerport, WY 10484",Printmaker,gainestara@gmail.com,2011-06-06,Dana.Shaw@robinson.com,4546411847554104,188-290-2187x3175,-107.55885446115629,42.23516097255243
292,Kaitlyn Thomas,Ramirez-Chambers,378-11-5446,"941 Jesse Crossing Suite 293
Annaport, WA 61582",Colour technologist,haasjeffrey@hotmail.com,1968-10-02,Kaitlyn.Thomas@calderon-rogers.biz,6011422259313195,+1-923-354-4685,-117.6788244105026,47.584287294863564
293,Elizabeth Brown,Silva Group,727-32-7112,"PSC 3506, Box 9512
APO AP 07583",Estate agent,obeck@gmail.com,1962-11-17,Elizabeth.Brown@yates-rasmussen.com,4566231546300343,604-499-3454,15.64406983200007,48.38430500000004
294,John Anderson,Tyler-Bentley,797-52-9006,"1497 Burton Locks
Lake Kristinefurt, AZ 34168",Commissioning editor,fpayne@gmail.com,1943-12-07,John.Anderson@evans.net,3539836770788926,(039)419-3779,-110.15219816036178,34.322957772231945
295,Nathan Johnson,Hammond Group,600-37-7173,"115 Lewis Cape Suite 821
Huffmanville, DC 84260",Clinical psychologist,ryangilbert@yahoo.com,1994-12-13,Nathan.Johnson@douglas.com,4007880985610,710.060.1713,4.953700000000026,44.103160211000045
296,Donald Joyce,Hughes Inc,649-15-9456,"8372 Lopez Valleys
New Margaretview, OH 78778","Designer, ceramics/pottery",betty68@gmail.com,1993-06-29,Donald.Joyce@hayes-knox.com,3552469592865276,665.400.3939x44981,-80.95099999999996,40.87006000000008
297,Alison Morgan,Long-Haynes,456-05-4257,"952 Kevin Islands
Brownchester, NH 52514","Surveyor, insurance",danielnewman@hotmail.com,1926-02-05,Alison.Morgan@henry.net,213169517995789,878.076.0908,34.80823042600008,32.08565600000003
298,Louis Keith,Carter-Estes,455-91-1099,"041 Ralph Extensions Suite 534
Port John, HI 45119",Telecommunications researcher,derek26@hotmail.com,1905-04-15,Louis.Keith@ross.com,4654483629614016,(646)964-3432x10279,-84.00066499999997,38.87719000000004
299,Anne Love,Vaughan-Lewis,239-91-5138,"0819 Greene Mill Suite 356
East Phillipmouth, HI 97494",Fisheries officer,collinstone@gmail.com,1921-07-11,Anne.Love@miller-wilkins.org,4808803262532404,901.737.2333,-157.84889191021438,21.3070244912715
300,Richard Cameron,"Pineda, Ward and Powers",171-53-9147,"1488 Clark Station Suite 671
Jaredborough, OR 35556","Surveyor, commercial/residential",tinapearson@hotmail.com,1945-03-13,Richard.Cameron@simon.com,3543604517810542,001-490-696-0822x0011,-123.07240474433564,43.79432111513717
